address,quantity
0xE860ADA0513Cd6490684BC23e04B27E410DE84FC,100
0x9ac8253474Ea11CcadE156324A4cD36B60773511,100
0x5EFF96BE67aa638E17Fef1Aa682038E8B9F77CC6,100
0xEa35dE96dAC85be0BE9af15EC71a4978a3070b46,100
0x2BD22357d36c99EF3aE117D7cD4170A2Ea30B98A,100
0xD4a1521B6A85556BE0B388118Ea69b7D35B62BAC,100
0xC78bb645d336435177672a148beE3223776D3343,100
0x238249355f37B504018AE4D500BdC684FFbf8BA9,100
0xE118e5bD8ba51B3cF39c063f5E0D7375f616811D,100
0x7FbD6eEc5B5668900644f22004762433181eC086,100
0x3F21222A91f7EBCdeF6EA1eb74b889bB6C502c99,100
